indice;nbVariables;nbConstraints;nbTuples;durete;nbReussite;nbTO;nbEchec;total
0;35;17;249;202;0.301038;30;0;0;30
1;35;17;249;200;0.307958;30;0;0;30
2;35;17;249;198;0.314879;29;0;1;30
3;35;17;249;196;0.321799;21;5;4;30
4;35;17;249;194;0.328720;3;0;27;30
5;35;17;249;192;0.335640;1;0;29;30
6;35;17;249;190;0.342561;0;0;30;30
7;35;17;249;188;0.349481;0;0;30;30
8;35;17;249;186;0.356401;0;0;30;30
9;35;17;249;184;0.363322;0;0;30;30
10;35;17;249;182;0.370242;0;0;30;30
